{"cameraMode":{"drawMode":0,"name":"Shaded","section":"Shading Mode"},"sceneLighting":true,"audioPlay":false,"sceneViewState":{"m_AlwaysRefresh":false,"showFog":true,"showSkybox":true,"showFlares":true,"showImageEffects":true,"showParticleSystems":true,"showVisualEffectGraphs":true,"m_FxEnabled":true},"in2DMode":false,"pivot":{"x":-0.020865602418780328,"y":-0.1339031457901001,"z":0.7799198031425476},"rotation":{"x":-0.24384933710098267,"y":-0.0023300149478018286,"z":0.0005451025790534914,"w":-0.9699057340621948},"size":0.8012263178825378,"orthographic":false}